Product,Category,Title,Url
Clobazam,Ingredients and Manufacturing,ONFI® (clobazam) Carbohydrate Content,https://d34v2ntgybcv8c.cloudfront.net/c72a269e-c8ff-485f-a15d-b1cf4b94aa24/8c5e8ab8-f518-4d36-895f-0595c481c3cd/8c5e8ab8-f518-4d36-895f-0595c481c3cd_viewable_rendition__v.pdf
Clobazam,Ingredients and Manufacturing,ONFI® (clobazam) Gluten Content,https://d34v2ntgybcv8c.cloudfront.net/c72a269e-c8ff-485f-a15d-b1cf4b94aa24/4c73fa05-870a-41b5-ad56-c755a934b655/4c73fa05-870a-41b5-ad56-c755a934b655_viewable_rendition__v.pdf
Eptinezumab,Clinical Data,Vyepti THRIVE Study,https://d34v2ntgybcv8c.cloudfront.net/c72a269e-c8ff-485f-a15d-b1cf4b94aa24/2c162d76-056a-4898-83b0-fc3f56063d2d/2c162d76-056a-4898-83b0-fc3f56063d2d_viewable_rendition__v.pdf
Eptinezumab,Clinical Data,Vyepti DELIVER Interictal Analysis,https://d34v2ntgybcv8c.cloudfront.net/c72a269e-c8ff-485f-a15d-b1cf4b94aa24/1ead44ba-75bd-49bc-a120-ed15014eee1a/1ead44ba-75bd-49bc-a120-ed15014eee1a_viewable_rendition__v.pdf
Eptinezumab,Clinical Data,Vyepti Anti-CGRP Use After Multiple Preventative Treatment Failures,https://d34v2ntgybcv8c.cloudfront.net/c72a269e-c8ff-485f-a15d-b1cf4b94aa24/eae39fbb-a978-4e2d-a4ec-b178a20319e5/eae39fbb-a978-4e2d-a4ec-b178a20319e5_viewable_rendition__v.pdf
Eptinezumab,Clinical Data,Vyepti MOH and Acute Headache Medication Use,https://d34v2ntgybcv8c.cloudfront.net/c72a269e-c8ff-485f-a15d-b1cf4b94aa24/391878cc-1d43-417e-ab60-fc5dc7dc95bb/391878cc-1d43-417e-ab60-fc5dc7dc95bb_viewable_rendition__v.pdf
Eptinezumab,Clinical Data,VYEPTI® (eptinezumab-jjmr) 300mg Dose,https://d34v2ntgybcv8c.cloudfront.net/c72a269e-c8ff-485f-a15d-b1cf4b94aa24/8f9f74e5-e67c-4aa4-8fa3-5ced1a0684fe/8f9f74e5-e67c-4aa4-8fa3-5ced1a0684fe_viewable_rendition__v.pdf
Eptinezumab,Clinical Data,VYEPTI® (eptinezumab-jjmr) RELIEF Study,https://d34v2ntgybcv8c.cloudfront.net/c72a269e-c8ff-485f-a15d-b1cf4b94aa24/fe7a5f73-af9a-4146-8491-fe6b19563fdf/fe7a5f73-af9a-4146-8491-fe6b19563fdf_viewable_rendition__v.pdf
Eptinezumab,Clinical Data,"Vyepti Use in Pregnancy, Lactation, and Neonatal Exposure",https://d34v2ntgybcv8c.cloudfront.net/c72a269e-c8ff-485f-a15d-b1cf4b94aa24/c5223891-f64e-492d-9a63-876bf4c43e46/c5223891-f64e-492d-9a63-876bf4c43e46_viewable_rendition__v.pdf
Eptinezumab,Dosage and Administration,Vyepti IV vs SC Administration,https://d34v2ntgybcv8c.cloudfront.net/c72a269e-c8ff-485f-a15d-b1cf4b94aa24/aa494129-a1df-4c5b-ab6c-0636230ad52c/aa494129-a1df-4c5b-ab6c-0636230ad52c_viewable_rendition__v.pdf
Eptinezumab,Dosage and Administration,VYEPTI® (eptinezumab-jjmr) 300mg Dose,https://d34v2ntgybcv8c.cloudfront.net/c72a269e-c8ff-485f-a15d-b1cf4b94aa24/8f9f74e5-e67c-4aa4-8fa3-5ced1a0684fe/8f9f74e5-e67c-4aa4-8fa3-5ced1a0684fe_viewable_rendition__v.pdf
Eptinezumab,Dosage and Administration,VYEPTI® (eptinezumab-jjmr) Dosage and Administration,https://d34v2ntgybcv8c.cloudfront.net/c72a269e-c8ff-485f-a15d-b1cf4b94aa24/5b545a26-2406-4d3b-b254-3458c7680929/5b545a26-2406-4d3b-b254-3458c7680929_viewable_rendition__v.pdf
